29763,com.eterno
62633,com.newsdog
55824,com.flipkart.android
55843,in.amazon.mShop.android.shopping
67957,com.fsn.nykaa
62340,com.myntra.android
23802,com.shopping.limeroad
63433,com.tul.tatacliq
135451,club.fromfactory
60333,com.olx.southasia
151394,com.dunzo.user
69997,com.manash.purplle
7400,com.snapdeal.main
70225,com.milkbasket.app
69593,com.koovs.fashion
64307,com.bigbasket.mobileapp
85952,com.zzkko
63956,com.zivame.consumer
28486,com.shopclues
151068,com.roidtechnologies.appbrowzer
152721,com.starquik
62391,com.jabong.android
62224,net.one97.paytm
70986,com.oxigen.futurepay
71524,com.reglobe.cashify
153601,com.realmestore.app
145827,com.paytmmall
145478,com.alibaba.intl.android.apps.poseidon
69720,com.lenskart.app
73681,fc.admin.fcexpressadmin
66209,com.banggood.client
145418,com.nis.app
69228,com.jio.media.jioxpressnews
70403,com.mobstac.thehindu
65261,bbc.mobile.news.ww
121996,com.divum.ibn
67589,com.et.reader.activities
150717,in.netaapp
26052,com.toi.reader.activities
74518,rojgar.samachar.govt.job.search
73337,com.xplo.bangla.news
24532,com.eisamay.reader
5322,com.sonus.news.india.bangla
7711,com.webplusandroid.banglanews
24009,com.nbt.reader
70627,com.ndtv.india
148630,com.blacktooth.hindisamachar
148653,com.hindustan.hindinews
148614,com.opera.app.news
145972,com.hindi.jagran.android.activity
29100,in.AajTak.headlines
29667,com.ak.ta.dainikbhaskar.activity
145718,com.quikr
151720,com.nnnow.arvind
152094,com.bewakoof.bewakoof
124311,com.hm.goe
150864,com.spoyl.android.activities
63273,com.voonik.android
152223,com.applications.lifestyle
152618,com.applications.max
152634,shoppersstop.shoppersstop
264,com.govt.job.alert
69272,com.josh.jagran.android.activity.snaukri
73240,com.wiinnova.alljobalert
67215,com.digilocker.android
73752,gov.mea.psp
101303,com.narendramodiapp
151353,in.net.uidai.residentportal
71766,com.sarkari.naukri
69252,com.jobportal.allgovernmentjob
31217,com.sarkarinaukri.app
15131,com.walkinapp
10493,com.wJobSearchGovt
73839,in.mygov.mobile
25349,com.instagram.android
25346,com.facebook.katana
20875,com.whatsapp
145662,com.zhiliaoapp.musically
144493,video.like
25347,com.facebook.lite
63444,com.roposo.android
144502,com.ss.android.ugc.boom
74595,sg.bigo.live
92769,com.uc.vmate
145082,in.mohalla.sharechat
150653,com.yy.hiyo
150513,com.redefine.welike
151164,com.hike.chat.stickers
71396,com.quora.android
86643,com.net.shine
63006,com.indeed.android.jobsearch
41996,naukriApp.appModules.login
592,com.proven.jobinterviewguide.AOUMKAFMQXDJJEIB
152055,com.margaloo.bharatSarkariyojana
151880,com.margaloo.digitalindia
146454,in.gov.umang.negd.g2c
149242,com.nic.mparivahan
146561,in.gov.uidai.mAadhaarPlus
70894,com.onlinerti.android
153332,com.omneAgate.PublicApp.activity
150787,com.sbi.upi
64308,com.balaji.alt
28349,com.sonyliv
154143,com.playwing.voidrider.indusos
25674,com.amazon.mp3
5115,com.hungama.myplay.activity
65687,com.amazon.avod.thirdpartyclient
150591,com.zhiliaoapp.musically.go
75796,com.jio.jioplay.tv
151901,paint.by.number.pixel.art.coloring.drawing.puzzle
150374,com.kwai.global.video.social.kwaigo
60334,com.bsbportal.music
68476,com.graymatrix.did
74819,tv.accedo.airtel.wynk
150633,com.nemo.starhalo
62907,in.startv.hotstar
150658,com.fun.share
69226,com.jio.media.jiobeats
70651,com.netflix.mediaclient
150097,app.buzz.share
28738,com.bt.bms
70631,com.nebula.mamu
155249,im.kumu.ph
28115,com.commsource.beautyplus
150939,com.outfit7.mytalkingtom2
62905,com.tv.v18.viola
154112,com.cloud.constellation.wizard
69298,com.july.cricinfo
67267,com.divum.CricketNext
79340,com.foxsports.android
144377,in.cricketexchange.app.cricketexchange
151082,com.dream11sportsguru
62703,com.cricbuzz.android
67019,com.cricheroes.cricheroes.alpha
5918,com.cricbuzz.android.vernacular
144246,com.robo.ndtv.cricket
131052,com.pulselive.bcci.android
72187,com.sportskeeda.topic
71889,com.si.abp
151683,com.cricket.livescoreline
73113,com.vroovy.cricket
27062,hindi.cricket.score
144387,com.pl.cwc_2015
150283,com.mpl.androidapp
152616,com.teambanao
28128,com.nextwave.wcc2
151698,com.moonglabs.epiccricket
151517,com.cricplay
72238,com.sticksports.spl2
150727,com.nautilus.RealCricket3D
151450,com.app.cricketapp
145722,com.jetplay.sachinsagacc
70694,com.nextwave.BeachCricketFree
149623,com.nautilus.RealCricketPremierLeague
70446,com.moonfrog.cricket
68233,com.gauthamns.fantasycricket
33118,com.games2win.powercrickett20
28226,com.indiagames.cricketfever
152215,com.hashcube.mahjongcricket
71401,com.quriousmedia.supercricket
28308,com.nextwave.wcc_lt
35719,com.games2win.worldcupcricketchamp
9948,org.cocos2dx.NautilusCricket2014
75166,in.swiggy.android
67323,com.done.faasos
73532,com.zoomcar
144786,com.indiaBulls
152270,com.disha.quickride
25348,com.facebook.orca
69902,com.ludo.king
22448,com.mxtech.videoplayer.ad
5526,com.truecaller
151007,com.docsapp.patients
105842,com.vuclip.viu
68461,com.gopaysense.android.boost
74798,com.fabhotels.guests
71445,com.rapido.passenger
62225,com.cleartrip.android
151265,qureka.live.game.show
145585,com.byjus.thelearningapp
151592,com.medlife.customer
70654,com.NetmedsMarketplace.Netmeds
151721,workout.fitness.training.abs.loseweight
151594,com.finwizard.myway
62497,com.taskbucks.taskbucks
150915,com.yy.biu
22291,cn.xender
28111,com.imangi.templerun2
67691,com.facebook.mlite
146510,com.kiloo.subwaysurf
27412,com.imo.android.imoim
67784,com.fingersoft.hillclimb
62365,com.gaana
75167,com.phonegap.rxpal
5469,com.veooz
14685,com.lenovo.anyshare.gps
27421,com.picsart.studio
42539,com.superapps.browser
63280,flikk.social.trending.viral.lockscreen
62750,com.jb.zcamera
5558,com.UCMobile.intl
62967,com.lazyscleanwipe
63337,com.onegogo.explorer
55857,com.nemo.vidmate
69236,com.jiubang.go.music
146307,free.news.videos
153003,buzz.bazzar
145572,com.dolphinwifi.cct
76362,com.chaatz
146512,com.domobile.applock
145469,cn.wps.moffice_eng
28125,com.outfit7.mytalkingtomfree
73844,in.org.npci.upiapp
10709,com.ixigo.train.ixitrain
136247,com.reliancejio.mobilesecurity
28117,com.droidhen.game.racingmoto